Date,Query,Impressions
"Mar 9, 2026",vakantiepark,524
"Mar 11, 2026",groepsaccommodatie,297
"Mar 13, 2026",groepsaccommodatie,209
"Mar 12, 2026",groepsaccommodatie,199
"Mar 10, 2026",groepsaccommodatie,192
"Mar 8, 2026",groepsaccommodatie,184
"Mar 14, 2026",groepsaccommodatie,174
"Mar 15, 2026",huisje met jacuzzi,165
"Mar 2, 2026",huisje met jacuzzi,145
"Mar 29, 2026",vakantiepark met subtropisch zwembad,139
"Mar 15, 2026",groepsaccommodatie,135
"Mar 15, 2026",vakantiepark met subtropisch zwembad,132
"Mar 8, 2026",vakantiepark met subtropisch zwembad,127
"Mar 25, 2026",vakantiepark,126
"Mar 3, 2026",huisje met jacuzzi,124
"Mar 4, 2026",groepsaccommodatie,118
"Mar 3, 2026",groepsaccommodatie,117
"Mar 14, 2026",vakantiepark met subtropisch zwembad,111
"Mar 11, 2026",vakantiepark met subtropisch zwembad,110
"Mar 26, 2026",vakantiepark,108
"Mar 6, 2026",groepsaccommodatie,103
"Mar 5, 2026",groepsaccommodatie,102
"Mar 19, 2026",vakantiepark,99
"Mar 24, 2026",vakantiepark met subtropisch zwembad,99
"Mar 31, 2026",groepsaccommodatie,99
"Mar 10, 2026",vakantiepark,98
"Mar 30, 2026",vakantieparken,98
"Mar 4, 2026",huisje met jacuzzi,97
"Mar 3, 2026",vakantiepark,96
"Mar 4, 2026",vakantiepark met subtropisch zwembad,94
"Mar 14, 2026",huisje met jacuzzi,94
"Mar 1, 2026",huisje met jacuzzi,93
"Mar 7, 2026",vakantiepark,93
"Mar 22, 2026",vakantiepark met subtropisch zwembad,92
"Mar 25, 2026",groepsaccommodatie,92
"Mar 5, 2026",vakantiepark,91
"Mar 13, 2026",vakantiepark met subtropisch zwembad,91
"Mar 1, 2026",groepsaccommodatie,89
"Mar 16, 2026",vakantiepark met subtropisch zwembad,89
"Mar 5, 2026",huisje met jacuzzi,88
"Mar 12, 2026",vakantiepark,88
"Mar 15, 2026",vakantiepark,88
"Mar 18, 2026",vakantiepark,88
"Mar 29, 2026",groepsaccommodatie,88
"Mar 10, 2026",vakantiepark met subtropisch zwembad,87
"Mar 5, 2026",vakantiepark met subtropisch zwembad,86
"Mar 6, 2026",vakantiepark,86
"Mar 25, 2026",vakantieparken,86
"Mar 16, 2026",groepsaccommodatie,84
"Mar 30, 2026",vakantiepark met subtropisch zwembad,83
"Mar 9, 2026",huisje met jacuzzi,82
"Mar 27, 2026",groepsaccommodatie,82
"Mar 7, 2026",groepsaccommodatie,81
"Mar 12, 2026",vakantiepark met subtropisch zwembad,81
"Mar 26, 2026",groepsaccommodatie,81
"Mar 2, 2026",vakantiepark met subtropisch zwembad,80
"Mar 15, 2026",vakantieparken,80
"Mar 17, 2026",groepsaccommodatie,79
"Mar 31, 2026",vakantiepark met subtropisch zwembad,79
"Mar 28, 2026",vakantiepark met subtropisch zwembad,78
"Mar 4, 2026",vakantiepark,78
"Mar 6, 2026",vakantiepark met subtropisch zwembad,77
"Mar 9, 2026",groepsaccommodatie,77
"Mar 19, 2026",groepsaccommodatie,77
"Mar 28, 2026",groepsaccommodatie,77
"Mar 12, 2026",vakantieparken,75
"Mar 25, 2026",vakantiepark met subtropisch zwembad,75
"Mar 29, 2026",vakantiepark,75
"Mar 19, 2026",vakantiepark met subtropisch zwembad,73
"Mar 8, 2026",vakantiepark,73
"Mar 11, 2026",vakantiepark,73
"Mar 14, 2026",vakantiepark,73
"Mar 16, 2026",vakantiepark,73
"Mar 1, 2026",vakantiepark,73
"Mar 7, 2026",huisje met jacuzzi,72
"Mar 26, 2026",vakantiepark met subtropisch zwembad,72
"Mar 27, 2026",vakantieparken,72
"Mar 5, 2026",vakantieparken,70
"Mar 26, 2026",vakantiehuis,70
"Mar 1, 2026",vakantiepark met subtropisch zwembad,69
"Mar 18, 2026",huisje met jacuzzi,69
"Mar 1, 2026",vakantieparken,68
"Mar 21, 2026",vakantiepark,68
"Mar 22, 2026",vakantiepark,67
"Mar 2, 2026",groepsaccommodatie,66
"Mar 20, 2026",vakantiepark,66
"Mar 22, 2026",groepsaccommodatie,66
"Mar 17, 2026",vakantiepark met subtropisch zwembad,65
"Mar 2, 2026",vakantiepark,65
"Mar 17, 2026",huisje met jacuzzi,65
"Mar 2, 2026",bungalowpark,65
"Mar 20, 2026",glamping,65
"Mar 31, 2026",vakantiepark,65
"Mar 3, 2026",vakantiepark met subtropisch zwembad,63
"Mar 13, 2026",vakantiepark,63
"Mar 19, 2026",vakantieparken,63
"Mar 2, 2026",vakantieparken,62
"Mar 9, 2026",vakantiepark met subtropisch zwembad,62
"Mar 18, 2026",glamping,62
"Mar 23, 2026",vakantiepark met subtropisch zwembad,62
"Mar 24, 2026",vakantiepark,62
"Mar 10, 2026",vakantieparken,61
"Mar 16, 2026",huisje met jacuzzi,61
"Mar 18, 2026",groepsaccommodatie,60
"Mar 17, 2026",vakantiepark,60
"Mar 21, 2026",vakantiepark met subtropisch zwembad,60
"Mar 28, 2026",vakantiepark,60
"Mar 21, 2026",groepsaccommodatie,59
"Mar 23, 2026",vakantiepark,58
"Mar 20, 2026",groepsaccommodatie,56
"Mar 30, 2026",groepsaccommodatie,56
"Mar 6, 2026",huisje met jacuzzi,55
"Mar 30, 2026",vakantiepark,55
"Mar 20, 2026",vakantieparken,54
"Mar 27, 2026",vakantiepark,53
"Mar 27, 2026",vakantiepark met subtropisch zwembad,53
"Mar 12, 2026",bungalowpark,52
"Mar 18, 2026",vakantieparken,52
"Mar 24, 2026",huisje met jacuzzi,52
"Mar 28, 2026",vakantiehuis,52
"Mar 29, 2026",huisje met jacuzzi,51
"Mar 4, 2026",vakantieparken,51
"Mar 1, 2026",glamping,51
"Mar 11, 2026",huisje met jacuzzi,50
"Mar 21, 2026",vakantieparken,49
"Mar 14, 2026",vakantieparken,48
"Mar 17, 2026",vakantieparken,48
"Mar 20, 2026",vakantiepark met subtropisch zwembad,48
"Mar 6, 2026",vakantieparken,47
"Mar 12, 2026",huisje met jacuzzi,47
"Mar 13, 2026",vakantieparken,47
"Mar 18, 2026",vakantiepark met subtropisch zwembad,47
"Mar 21, 2026",glamping,47
"Mar 25, 2026",huisje met jacuzzi,47
"Mar 16, 2026",vakantieparken,46
"Mar 7, 2026",vakantiepark met subtropisch zwembad,46
"Mar 17, 2026",glamping,45
"Mar 23, 2026",vakantieparken,45
"Mar 24, 2026",groepsaccommodatie,45
"Mar 3, 2026",vakantieparken,44
"Mar 19, 2026",huisje met jacuzzi,43
"Mar 23, 2026",groepsaccommodatie,43
"Mar 27, 2026",huisje met jacuzzi,43
"Mar 2, 2026",vakantiehuis,42
"Mar 10, 2026",bungalowpark,42
"Mar 26, 2026",vakantieparken,41
"Mar 31, 2026",huisje met jacuzzi,41
"Mar 4, 2026",bungalowpark,40
"Mar 16, 2026",glamping,40
"Mar 20, 2026",huisje met jacuzzi,40
"Mar 9, 2026",vakantieparken,39
"Mar 1, 2026",vakantiehuis,39
"Mar 9, 2026",bungalowpark,38
"Mar 11, 2026",vakantieparken,38
"Mar 27, 2026",bungalowpark,38
"Mar 29, 2026",vakantieparken,38
"Mar 19, 2026",glamping,37
"Mar 30, 2026",huisje met jacuzzi,37
"Mar 7, 2026",vakantieparken,36
"Mar 26, 2026",huisje met jacuzzi,36
"Mar 23, 2026",huisje met jacuzzi,35
"Mar 5, 2026",bungalowpark,34
"Mar 8, 2026",vakantieparken,34
"Mar 1, 2026",bungalowpark,33
"Mar 8, 2026",huisje met jacuzzi,33
"Mar 13, 2026",huisje met jacuzzi,32
"Mar 1, 2026",vakantiehuisje,32
"Mar 15, 2026",bungalowpark,32
"Mar 15, 2026",glamping,31
"Mar 8, 2026",bungalowpark,30
"Mar 22, 2026",huisje met jacuzzi,30
"Mar 14, 2026",bungalowpark,29
"Mar 21, 2026",huisje met jacuzzi,29
"Mar 22, 2026",vakantieparken,29
"Mar 24, 2026",vakantiehuis,29
"Mar 30, 2026",vakantiehuis,29
"Mar 14, 2026",glamping,28
"Mar 20, 2026",vakantiehuis,28
"Mar 28, 2026",vakantieparken,28
"Mar 30, 2026",glamping,28
"Mar 31, 2026",vakantieparken,28
"Mar 25, 2026",vakantiehuisje,27
"Mar 23, 2026",glamping,27
"Mar 13, 2026",vakantiehuisje,27
"Mar 19, 2026",vakantiehuis,26
"Mar 4, 2026",glamping,25
"Mar 5, 2026",vakantiehuisje,25
"Mar 11, 2026",bungalowpark,25
"Mar 13, 2026",bungalowpark,25
"Mar 13, 2026",glamping,25
"Mar 22, 2026",glamping,25
"Mar 29, 2026",bungalowpark,25
"Mar 2, 2026",glamping,24
"Mar 10, 2026",huisje met jacuzzi,24
"Mar 24, 2026",glamping,24
"Mar 25, 2026",vakantiehuis,24
"Mar 3, 2026",bungalowpark,23
"Mar 3, 2026",glamping,23
"Mar 27, 2026",vakantiehuisje,23
"Mar 2, 2026",vakantiehuisje,22
"Mar 16, 2026",bungalowpark,22
"Mar 28, 2026",huisje met jacuzzi,22
"Mar 3, 2026",vakantiehuis,21
"Mar 7, 2026",bungalowpark,21
"Mar 7, 2026",glamping,21
"Mar 12, 2026",glamping,21
"Mar 12, 2026",wellness huisje,21
"Mar 6, 2026",glamping,20
"Mar 6, 2026",vakantiehuisje,20
"Mar 19, 2026",bungalowpark,20
"Mar 31, 2026",glamping,20
"Mar 17, 2026",bungalowpark,19
"Mar 7, 2026",wellness huisje,19
"Mar 6, 2026",vakantiehuisjes,19
"Mar 19, 2026",vakantiehuisjes,19
"Mar 24, 2026",vakantieparken,19
"Mar 27, 2026",vakantiehuis,19
"Mar 29, 2026",vakantiehuis,19
"Mar 30, 2026",bungalowpark,19
"Mar 31, 2026",bungalowpark,19
"Mar 2, 2026",wellness huisje,18
"Mar 5, 2026",glamping,18
"Mar 12, 2026",vakantiehuis,18
"Mar 18, 2026",vakantiehuis,18
"Mar 21, 2026",vakantiehuis,18
"Mar 24, 2026",vakantiehuisje,18
"Mar 26, 2026",bungalowpark,18
"Mar 29, 2026",glamping,18
"Mar 3, 2026",vakantiehuisje,17
"Mar 4, 2026",huisje met hottub,17
"Mar 7, 2026",vakantiehuis,17
"Mar 17, 2026",vakantiehuis,17
"Mar 17, 2026",vakantiehuisje,17
"Mar 18, 2026",bungalowpark,17
"Mar 26, 2026",vakantiehuisjes,17
"Mar 28, 2026",glamping,17
"Mar 30, 2026",vakantiehuisje,17
"Mar 4, 2026",vakantiehuisje,16
"Mar 13, 2026",vakantiehuisjes,16
"Mar 14, 2026",vakantiehuis,16
"Mar 18, 2026",wellness huisje,16
"Mar 24, 2026",bungalowpark,16
"Mar 26, 2026",vakantiehuisje,16
"Mar 27, 2026",glamping,16
"Mar 31, 2026",bungalow,16
"Mar 18, 2026",vakantiehuisje,15
"Mar 4, 2026",wellness huisje,15
"Mar 10, 2026",vakantiehuis,15
"Mar 11, 2026",glamping,15
"Mar 13, 2026",wellness huisje,15
"Mar 1, 2026",vakantiehuisje huren,15
"Mar 19, 2026",huisje met hottub,15
"Mar 19, 2026",vakantiehuisje,15
"Mar 19, 2026",vakantiehuisje huren,15
"Mar 1, 2026",bungalow,14
"Mar 4, 2026",vakantiehuis,14
"Mar 5, 2026",huisje met hottub,14
"Mar 5, 2026",vakantiehuis,14
"Mar 8, 2026",wellness huisje,14
"Mar 9, 2026",glamping,14
"Mar 11, 2026",vakantiehuis,14
"Mar 11, 2026",vakantiehuisje,14
"Mar 13, 2026",vakantiehuisje huren,14
"Mar 15, 2026",vakantiehuis,14
"Mar 31, 2026",vakantiehuis,14
"Mar 19, 2026",wellness huisje,13
"Mar 4, 2026",vakantiehuisje huren,13
"Mar 5, 2026",vakantiehuisje huren,13
"Mar 10, 2026",vakantiehuisje,13
"Mar 15, 2026",bungalows,13
"Mar 18, 2026",bungalow,13
"Mar 1, 2026",wellness huisje,13
"Mar 22, 2026",bungalowpark,13
"Mar 25, 2026",bungalowpark,13
"Mar 26, 2026",glamping,13
"Mar 28, 2026",bungalowpark,13
"Mar 16, 2026",vakantiehuis,12
"Mar 6, 2026",huisje met hottub,12
"Mar 6, 2026",vakantiehuis,12
"Mar 10, 2026",glamping,12
"Mar 12, 2026",vakantiehuisje,12
"Mar 3, 2026",12 persoons vakantiehuis,12
"Mar 18, 2026",vakantiehuisje huren,12
"Mar 19, 2026",vakantie huisje huren,12
"Mar 22, 2026",vakantiehuisje,12
"Mar 23, 2026",vakantiehuisje,12
"Mar 25, 2026",glamping,12
"Mar 28, 2026",bungalows,12
"Mar 3, 2026",huisje met hottub,11
"Mar 11, 2026",wellness huisje,11
"Mar 13, 2026",12 persoons vakantiehuis,11
"Mar 13, 2026",vakantiehuis,11
"Mar 20, 2026",vakantiehuisje,11
"Mar 21, 2026",bungalowpark,11
"Mar 25, 2026",bungalow,11
"Mar 26, 2026",bungalow,11
"Mar 28, 2026",vakantiehuisje,11
"Mar 11, 2026",huisje met hottub,10
"Mar 3, 2026",vakantiehuisjes,10
"Mar 8, 2026",vakantiehuis,10
"Mar 9, 2026",huisje met hottub,10
"Mar 10, 2026",vakantiehuisje huren,10
"Mar 10, 2026",wellness huisje,10
"Mar 3, 2026",bungalow,10
"Mar 14, 2026",huisje met hottub,10
"Mar 14, 2026",wellness huisje,10
"Mar 16, 2026",wellness huisje,10
"Mar 19, 2026",bungalow,10
"Mar 20, 2026",vakantiehuisje huren,10
"Mar 20, 2026",wellness huisje,10
"Mar 22, 2026",wellness huisje,10
"Mar 23, 2026",wellness huisje,10
"Mar 29, 2026",vakantiehuisje,10
"Mar 20, 2026",bungalowpark,9
"Mar 1, 2026",bungalows,9
"Mar 3, 2026",vakantiehuisje huren,9
"Mar 5, 2026",bungalow,9
"Mar 8, 2026",vakantiehuisje,9
"Mar 8, 2026",vakantiehuisjes,9
"Mar 9, 2026",wellness huisje,9
"Mar 12, 2026",bungalow,9
"Mar 12, 2026",huisje met hottub,9
"Mar 12, 2026",vakantiehuisje huren,9
"Mar 12, 2026",vakantiehuisjes,9
"Mar 13, 2026",huisje met hottub,9
"Mar 14, 2026",bungalow,9
"Mar 14, 2026",bungalows,9
"Mar 17, 2026",huisje met hottub,9
"Mar 17, 2026",wellness huisje,9
"Mar 1, 2026",12 persoons vakantiehuis,9
"Mar 22, 2026",vakantiehuis,9
"Mar 23, 2026",huisje met hottub,9
"Mar 31, 2026",huisje huren,9
"Mar 31, 2026",vakantiehuisje,9
"Mar 4, 2026",12 persoons vakantiehuis,8
"Mar 31, 2026",wellness huisje,8
"Mar 3, 2026",wellness huisje,8
"Mar 2, 2026",bungalow,8
"Mar 5, 2026",vakantie huisje,8
"Mar 5, 2026",wellness huisje,8
"Mar 8, 2026",glamping,8
"Mar 17, 2026",vakantiehuisje huren,8
"Mar 20, 2026",huisje met hottub,8
"Mar 21, 2026",huisje huren,8
"Mar 22, 2026",huisje met hottub,8
"Mar 26, 2026",vakantiehuisje huren,8
"Mar 27, 2026",12 persoons vakantiehuis,8
"Mar 29, 2026",wellness huisje,8
"Mar 2, 2026",huisje met hottub,8
"Mar 2, 2026",bungalows,7
"Mar 3, 2026",bungalows,7
"Mar 6, 2026",12 persoons vakantiehuis,7
"Mar 7, 2026",bungalow,7
"Mar 9, 2026",vakantiehuis,7
"Mar 16, 2026",huisje met hottub,7
"Mar 17, 2026",12 persoons vakantiehuis,7
"Mar 20, 2026",vakantiehuisjes,7
"Mar 21, 2026",wellness huisje,7
"Mar 22, 2026",12 persoons vakantiehuis,7
"Mar 28, 2026",vakantiehuis met prive zwembad,7
"Mar 20, 2026",12 persoons vakantiehuis,6
"Mar 2, 2026",vakantiehuisje huren,6
"Mar 5, 2026",12 persoons vakantiehuis,6
"Mar 5, 2026",bungalows,6
"Mar 6, 2026",bungalows,6
"Mar 7, 2026",12 persoons vakantiehuis,6
"Mar 7, 2026",huisje met hottub,6
"Mar 9, 2026",vakantiehuisje,6
"Mar 10, 2026",bungalows,6
"Mar 11, 2026",vakantiehuisjes,6
"Mar 12, 2026",12 persoons vakantiehuis,6
"Mar 13, 2026",bungalow,6
"Mar 19, 2026",huisje huren,6
"Mar 2, 2026",12 persoons vakantiehuis,6
"Mar 21, 2026",huisje met hottub,6
"Mar 21, 2026",vakantiehuisje,6
"Mar 23, 2026",vakantiehuisjes,6
"Mar 24, 2026",vakantiehuisje huren,6
"Mar 27, 2026",vakantiehuis met prive zwembad,6
"Mar 28, 2026",huisje met hottub,6
"Mar 29, 2026",bungalow,6
"Mar 30, 2026",bungalow,6
"Mar 30, 2026",wellness huisje,6
"Mar 31, 2026",12 persoons vakantiehuis,6
"Mar 1, 2026",huisje met hottub,5
"Mar 30, 2026",vakantiehuis met prive zwembad,5
"Mar 6, 2026",bungalowpark,5
"Mar 6, 2026",vakantiehuisje huren,5
"Mar 6, 2026",wellness huisje,5
"Mar 7, 2026",vakantiehuisje huren,5
"Mar 8, 2026",huisje met hottub,5
"Mar 10, 2026",huisje huren,5
"Mar 10, 2026",huisje met hottub,5
"Mar 11, 2026",bungalow,5
"Mar 14, 2026",vakantiehuisje,5
"Mar 15, 2026",bungalow,5
"Mar 16, 2026",bungalow,5
"Mar 16, 2026",vakantiehuisje huren,5
"Mar 17, 2026",huisje huren,5
"Mar 18, 2026",huisje huren,5
"Mar 18, 2026",huisje met hottub,5
"Mar 18, 2026",vakantiehuisjes,5
"Mar 20, 2026",bungalows,5
"Mar 22, 2026",vakantiehuisjes,5
"Mar 24, 2026",bungalow,5
"Mar 24, 2026",huisje huren,5
"Mar 26, 2026",12 persoons vakantiehuis,5
"Mar 29, 2026",vakantiehuis met prive zwembad,5
"Mar 1, 2026",huisje huren,5
"Mar 28, 2026",12 persoons vakantiehuis,4
"Mar 31, 2026",vakantiehuisje huren,4
"Mar 2, 2026",vakantiehuisjes,4
"Mar 3, 2026",huisje huren,4
"Mar 4, 2026",bungalow,4
"Mar 7, 2026",vakantiehuisje,4
"Mar 8, 2026",bungalow,4
"Mar 8, 2026",bungalows,4
"Mar 9, 2026",bungalow,4
"Mar 9, 2026",vakantiehuisje huren,4
"Mar 15, 2026",12 persoons vakantiehuis,4
"Mar 15, 2026",vakantiehuisje,4
"Mar 19, 2026",12 persoons vakantiehuis,4
"Mar 20, 2026",huisje huren,4
"Mar 21, 2026",vakantiehuisje huren,4
"Mar 22, 2026",huisje huren,4
"Mar 23, 2026",huisje huren,4
"Mar 23, 2026",vakantiehuis,4
"Mar 24, 2026",bungalows,4
"Mar 27, 2026",bungalow,4
"Mar 27, 2026",huisje huren,4
"Mar 1, 2026",nachtje weg met kinderen,4
"Mar 28, 2026",bungalow,4
"Mar 28, 2026",huisje huren,4
"Mar 28, 2026",vakantiehuisje huren,4
"Mar 31, 2026",huisje met hottub,4
"Mar 2, 2026",huisje huren,4
"Mar 25, 2026",huisje met hottub,3
"Mar 4, 2026",huisje huren,3
"Mar 5, 2026",huisje huren,3
"Mar 8, 2026",huisje huren,3
"Mar 9, 2026",bungalows,3
"Mar 9, 2026",huisje huren,3
"Mar 10, 2026",bungalow,3
"Mar 14, 2026",12 persoons vakantiehuis,3
"Mar 14, 2026",vakantiehuisje huren,3
"Mar 14, 2026",vakantiehuisjes,3
"Mar 15, 2026",vakantiehuisje huren,3
"Mar 16, 2026",bungalows,3
"Mar 17, 2026",bungalow,3
"Mar 21, 2026",bungalow,3
"Mar 22, 2026",bungalow,3
"Mar 22, 2026",bungalows,3
"Mar 23, 2026",bungalowpark,3
"Mar 24, 2026",wellness huisje,3
"Mar 25, 2026",bungalows,3
"Mar 2, 2026",nachtje weg met kinderen,3
"Mar 26, 2026",huisje huren,3
"Mar 27, 2026",huisje met hottub,3
"Mar 30, 2026",bungalows,3
"Mar 12, 2026",huisje huren,2
"Mar 31, 2026",vakantiehuisjes,2
"Mar 4, 2026",vakantiehuisjes,2
"Mar 5, 2026",vakantie huisje huren,2
"Mar 6, 2026",bungalow,2
"Mar 9, 2026",vakantie huisje,2
"Mar 11, 2026",bungalows,2
"Mar 11, 2026",huisje huren,2
"Mar 12, 2026",bungalows,2
"Mar 1, 2026",vakantiehuisjes,2
"Mar 13, 2026",bungalows,2
"Mar 14, 2026",huisje huren,2
"Mar 15, 2026",vakantie huisje,2
"Mar 15, 2026",wellness huisje,2
"Mar 16, 2026",12 persoons vakantiehuis,2
"Mar 16, 2026",vakantiehuisje,2
"Mar 16, 2026",vakantiehuisjes,2
"Mar 17, 2026",nachtje weg met kinderen,2
"Mar 17, 2026",vakantiehuisjes,2
"Mar 18, 2026",12 persoons vakantiehuis,2
"Mar 19, 2026",bungalows,2
"Mar 21, 2026",vakantiehuisjes,2
"Mar 23, 2026",vakantie huisje,2
"Mar 23, 2026",vakantiehuisje huren,2
"Mar 25, 2026",huisje huren,2
"Mar 25, 2026",vakantiehuisje huren,2
"Mar 26, 2026",bungalows,2
"Mar 26, 2026",huisje met hottub,2
"Mar 27, 2026",vakantiehuisje huren,2
"Mar 28, 2026",vakantiehuisjes,2
"Mar 29, 2026",huisje met hottub,2
"Mar 29, 2026",vakantiehuisje huren,2
"Mar 30, 2026",12 persoons vakantiehuis,2
"Mar 30, 2026",huisje met hottub,2
"Mar 30, 2026",vakantiehuisje huren,2
"Mar 31, 2026",bungalows,2
"Mar 4, 2026",bungalows,2
"Mar 7, 2026",bungalows,1
"Mar 15, 2026",huisje huren,1
"Mar 20, 2026",bungalow,1
"Mar 23, 2026",bungalow,1